{
	"name": "KILLV2; CLEARLEVEL",
	"description": "I have seen enough. I am satisfied. -Satisfied",
	"type": "powerTurret",
	"health": 999999,
	"size": 1,
	"reload": 1,
	"shake": 0,
	"recoil": 0,
	"range": 2000,
	"ammoUseEffect": none,
	"shootSound": none,
	"restitution": 0.01,
	"cooldownTime": 50,
	"shootCone": 360,
	"spread": 0,
	"rotateSpeed": 25,
	"hasPower": true
	"shootType": {
			"type": "BasicBulletType",
			"lifetime": 1,
			"fragBullets": 500,
			"fragBullet": {
				"type": "BasicBulletType",
				"damage": 888888,
				"width": 8,
				"length": 20,
				"reloadMultiplier": 10
				"shootEffect": none
				"smokeEffect": none
				"lifetime": 70,
				"speed": 80,
				"pierce": true,
				"pierceCap": 50
				"hitAir": true
				"homingPower": 10,
				"homingRange": 200,
			}
		},
	"requirements": [
		{ "item": "copper", "amount": 1 },
	],
	"category": "logic",
	"research": "duo"
}