{
	"name": "HILL",
	"description": "The absolute best Mender. If the absolute power of this beast doesn't make you happy, nothing will.",
	"type": "MendProjector",
	"health": 999999999,
	"size": 2,
	"hasPower": false
"sandboxOnly": true,
	"range": 400,
	"reload": 1,
	"useTime": 100,
	"healPercent": 100,
	"requirements": [
		{ "item": "phase-decay", "amount": 2500000 },
		{ "item": "spore-pod", "amount": 150000 },
   	     { "item": "surge-alloy", "amount": 2000000 }
	],
	"category": "logic",
	"research": "mend-projector"
}