{
	"name": "Large Biomass Press",
	"description": "Uses Spore Pods to extract large amounts of oil.",
	"type": "GenericCrafter"
	"size": 3,
	"health": 180,
	"itemCapacity": 10,
	"hasLiquids": true,
	"hasPower": false,
	"hasItems": true,
	"updateEffect": "coalSmeltsmoke",
	"craftEffect": "oily",
	"drawer": {
		"type": "DrawMulti",
		"drawers": [
			{
				"type": "DrawRegion"
				"suffix": "-bottom"
			},
			{
				"type": "DrawCultivator",
				"bottomColor": "151515ff"
			},
			{
				"type": "DrawDefault"
			},
		]
	},
	"consumes": {
		"items": {
			"items": [
				{
				"item": "spore-pod",
				"amount": 2,
				}
			]
		},
	},
	"requirements": [
		{ "item": "lead", "amount": 85 },
		{ "item": "silicon", "amount": 100 },
		{ "item": "titanium", "amount": 50 },
	],
	"category": "crafting",
	"rotate": false
	"research": "spore-press",
	"idleSound": "machine",
	"idleSoundVolume": 0.05,
	"outputLiquid": {
		"liquid": "oil",
		"amount": 0.9
	},
	"craftTime": 20,
}