{
	"name": "Large Cultivator",
	"description": "Uses many materials present in sand to create an explosive.",
	"type": "GenericCrafter"
	"size": 3,
	"health": 180,
	"itemCapacity": 20,
	"hasLiquids": true,
	"hasPower": true,
	"hasItems": true,
	"updateEffect": "bubble",
	"craftEffect": "none",
	"drawer": {
		"type": "DrawMulti",
		"drawers": [
			{
				"type": "DrawRegion"
				"suffix": "-bottom"
			},
			{
				"type": "DrawCultivator",
			},
			{
				"type": "DrawDefault"
			},
		]
	},
	"consumes": {
		"power": 0.4,
                "liquid": {
			"liquid": "water",
			"amount": 0.6
		},
	},
	"requirements": [
		{ "item": "lead", "amount": 120 },
		{ "item": "silicon", "amount": 50 },
		{ "item": "metaglass", "amount": 110 },
	],
	"category": "crafting",
	"rotate": false
	"research": "cultivator",
	"idleSound": "machine",
	"idleSoundVolume": 0.05,
	"outputItem": {
		"item": "spore-pod",
		"amount": 1
	},
	"craftTime": 20,
}