{
	"name": "Blast Compound press",
	"description": "Uses many materials present in sand to create an explosive.",
	"type": "GenericCrafter"
	"size": 3,
	"health": 180,
	"itemCapacity": 50,
	"hasLiquids": false,
	"hasPower": true,
	"hasItems": true,
	"updateEffect": "pulverizeRed",
	"craftEffect": "none",
	"consumes": {
		"power": 1,
		"items": {
			"items": [
				{
				"item": "sand",
				"amount": 20,
				}
				{
				"item": "spore-pod",
				"amount": 2,
				}
				{
				"item": "lead",
				"amount": 3,
				}
			]
		},
	},
	"requirements": [
		{ "item": "lead", "amount": 80 },
		{ "item": "silicon", "amount": 30 },
		{ "item": "phase-fabric", "amount": 15 },
	],
	"category": "crafting",
	"rotate": false
	"research": "kiln",
	"idleSound": "machine",
	"idleSoundVolume": 0.05,
	"outputItem": {
		"item": "blast-compound",
		"amount": 1
	},
	"craftTime": 120,
}