{
	"name": "Large Phase Weaver",
	"type": "AttributeCrafter"
	"size": 3,
	"health": 230,
	"itemCapacity": 30,
	"hasLiquids": false,
	"hasPower": true,
	"hasItems": true,
	"updateEffect": "none",
	"craftEffect": "smeltsmoke",
	"attribute": "heat"
	"boostScale": 0.2
	"minEfficiency": 0.25
  "drawer": {
    "type": "DrawMulti",
    "drawers": [
      {
        "type": "DrawRegion",
        "suffix": "-bottom"
      },
      {
        "type": "DrawWeave"
      },
      {
        "type": "DrawDefault"
      }
    ]
  },
	"consumes": {
		"power": 5,
		"items": {
			"items": [
				{
				"item": "thorium",
				"amount": 4,
				}
				{
				"item": "sand",
				"amount": 7,
				}
				{
				"item": "graphite",
				"amount": 1,
				}
			]
		},
	},
	"requirements": [
		{ "item": "silicon", "amount": 60 },
		{ "item": "thorium", "amount": 90 },
		{ "item": "metaglass", "amount": 60 },
	],
	"category": "crafting",
	"rotate": false
	"research": "phase-weaver",
	"idleSound": "techloop",
	"idleSoundVolume": 0.03,
	"outputItem": {
		"item": "phase-fabric",
		"amount": 3
	},
	"craftTime": 30,
}