{
	"name": "Silicon Foundry",
	"type": "GenericCrafter"
	"size": 4,
	"health": 495,
	"itemCapacity": 40,
	"hasLiquids": false,
	"hasPower": true,
	"hasItems": true,
	"updateEffect": "none",
	"craftEffect": "smeltsmoke",
  "drawer": {
    "type": "DrawMulti",
    "drawers": [
      {
        "type": "DrawRegion",
        "suffix": "-bottom"
      },
			{
				"type": "DrawParticles",
				"color": "aaaaaaff",
				"alpha": 0.4,
				"blending": "additive",
				"particleSize": 2,
				"particleRad": 16,
				"particles": 28,
				"fadeMargin": 1,
				"rotateScl": 4,
				"particleLife": 20
			},
      {
        "type": "DrawDefault"
      }
			{
				"type": "DrawParticles",
				"color": "FFFFFFAA",
				"alpha": 0.4,
				"blending": "additive",
				"particleSize": 2,
				"particleRad": 16,
				"particles": 6,
				"fadeMargin": 1,
				"rotateScl": 4,
				"particleLife": 40
			},
    ]
  },
	"consumes": {
		"power": 5,
		"items": {
			"items": [
				{
				"item": "blast-compound",
				"amount": 1,
				}
				{
				"item": "sand",
				"amount": 10,
				}
				{
				"item": "graphite",
				"amount": 5,
				}
			]
		},
	},
	"requirements": [
		{ "item": "silicon", "amount": 120 },
		{ "item": "thorium", "amount": 60 },
		{ "item": "metaglass", "amount": 120 },
	],
	"category": "crafting",
	"rotate": false
	"research": "silicon-crucible",
	"idleSound": "techloop",
	"idleSoundVolume": 0.03,
	"outputItem": {
		"item": "silicon",
		"amount": 12
	},
	"craftTime": 80,
}