{
	"name": "Small Cryocooler",
	"description": "Mixes small amounts of water and slowly cools the liquid.",
	"type": "GenericCrafter"
	"size": 1,
	"health": 120,
	"itemCapacity": 0,
	"hasLiquids": true,
	"hasPower": true,
	"hasItems": false,
	"updateEffect": "none",
	"craftEffect": "none",
	"liquidCapacity": 20,
	"drawer": {
		"type": "DrawMulti",
		"drawers": [
			{
				"type": "DrawRegion"
				"suffix": "-bottom"
			},
			{
				"type": "DrawLiquidTile",
				"drawLiquid": "water",
				"padding": 1.25
			},
			{
				"type": "DrawLiquidTile",
				"drawLiquid": "cryofluid",
				"padding": 1.25
			},
			{
				"type": "DrawDefault"
			},
		]
	},
	"consumes": {
		"power": 0.5,
                "liquid": {
			"liquid": "water",
			"amount": 0.2333333
		},
	},
	"requirements": [
		{ "item": "silicon", "amount": 15 },
		{ "item": "titanium", "amount": 10 },
		{ "item": "lead", "amount": 40 },
	],
	"category": "crafting",
	"rotate": false
	"research": "a10cryofluid-mixer-l",
	"idleSound": "machine",
	"idleSoundVolume": 0.05,
	"outputLiquid": {
		"liquid": "cryofluid",
		"amount": 0.1
	},
	"craftTime": 300,
}