{
	"type": "ForceProjector",
	"name": "Phase Decay Shielded Wall",
	"description": "A large Phase Decay wall with shield technologies. Extremely resistant to piercing.",
	"size": 2,
	"health": 3150,
	"radius": 30,
	"shieldHealth": 1200,
	"sides": 20,
	"rotation": 0
	"cooldownNormal": 2.2,
	"cooldownBrokenBase": 1.4,
	"hasItems": false
	"hasLiquids": true
	"hasPower": false
	"requirements": [
		{"item": "phase-decay", "amount": 24},
		{"item": "titanium", "amount": 12},
		{"item": "silicon", "amount": 48}
	],
	"research": "dcay-wall-large"
	"category": "defense",
}
