{
	"name": "Mass Production Liquid Bridge",
	"type": "LiquidBridge",
	"description": "Its high resistance cell allows for almost limitless fluid pressure.",
	"liquidCapacity": 4600,
	"size": 1,
	"health": 160,
	"category": "liquid",
	"liquidCapacity": 80,
	"liquidPressure": 72,
	"range": 7,
	"hasPower": false,
	"requirements": [
		{
			"item": "titanium",
			"amount": 6
		},
		{
			"item": "metaglass",
			"amount": 12
		},
		{
			"item": "phase-decay",
			"amount": 3
		},
	]
	"placeableLiquid": true,
	"research": "mpc-conduit"
}