{
	"type": "tank",
	"name": "Resound"
	"description": "A medium ground unit with treads for better movement. Large three-shot cannon.",
	"rotateSpeed":1.3,
	"speed": 0.9,
	"flying": false,
	"range": 220,
	"drownTimeMultiplier": 2.5
	"armor": 7,
	"hitSize": 24,
	"health": 560,
	"squareShape": true,
	"treadPullOffset": 0,
	"treadFrames": 18
	"treadRects": [
		{
		"x": 10,
		"y": -48,
		"width": 19,
		"height": 76
		}
	],
	"singleTarget": false,
	"omniMovement": false,
	"rotateMoveFirst": true,
	"immunities": [
		"freezing",
		"burning",
		"blasted"
	],
	"weapons": [
		{
			"name": "resound-gun",
			"alternate": false,
			"ignoreRotation": true,
			"reload": 60,
			"shootCone": 20,
			"cooldownTime": 50,
			"recoil": 2.5,
			"rotationLimit": 361,
			"shoot": {
				"type": "shootSpread",
				"shots": 3,
				"spread": 3.5,
			},
			"ejectEffect": "casing2",
			"inaccuracy": 2,
			"shootSound": "cannon"
			"rotate": true
			"shake": 1
			"x": 0
			"y": 0
			"shootY": 13
			"mirror": false
			"shootEffect": "shootBig"
			"rotateSpeed": 1.2,
			"bullet": {
				"type": "BasicBulletType",
				"speed": 10,
				"damage": 34,
				"lifetime": 22,
				"width": 9,
				"height": 13,
				"smokeEffect": "shootBigSmoke"
layer: 110
			},
		}
	]
	"outlineColor": "00000000",
	"research": {
		"parent": "w1-roll"
		"requirements": [
			{
				"item": "titanium",
				"amount": 70
			},
			{
				"item": "graphite",
				"amount": 70
			},
		]
	}
}