{
	"type": "tank",
	"name": "Clamor"
	"description": "A medium ground unit with treads for better movement. Mounted with a large buckshot cannon.",
	"rotateSpeed": 1,
	"speed": 0.7,
	"flying": false,
	"range": 220,
	"drownTimeMultiplier": 5
	"armor": 12,
	"hitSize": 28,
	"health": 930,
	"squareShape": true,
	"treadPullOffset": 0,
	"treadFrames": 18
	"treadRects": [
		{
		"x": 10,
		"y": -48,
		"width": 19,
		"height": 76
		}
	],
	"singleTarget": false,
	"omniMovement": false,
	"rotateMoveFirst": true,
	"crushDamage": 1
	"immunities": [
		"freezing",
		"burning",
		"blasted"
	],
	"weapons": [
		{
			"name": "small-gun",
			"restitution": 0.008,
			"alternate": true,
			"ignoreRotation": true,
			"reload": 7,
			"recoil": 1,
			"rotationLimit": 361,
			"inaccuracy": 3,
			"shootSound": "shoot"
			"rotate": true
			"shootCone": 20,
			"shake": 0
			"x": 6
			"y": -8
			"shootY": 0
			"mirror": false
			"shootEffect": "shootSmall"
			"rotateSpeed": 6,
			"bullet": {
				"type": "BasicBulletType",
				"speed": 7,
				"damage": 5,
				"lifetime": 31,
				"width": 6,
				"height": 9,
				"smokeEffect": "shootSmallSmoke"
layer: 110
			},
		},
		{
			"name": "clamor-gun",
			"restitution": 0.008,
			"alternate": false,
			"ignoreRotation": true,
			"reload": 105,
			"cooldownTime": 70,
			"recoil": 8,
			"rotationLimit": 361,
			"shoot": {
				"type": "shootSpread",
				"shots": 7,
				"spread": 3,
			},
			"velocityRnd": 0.4,
			"ejectEffect": "casing2",
			"inaccuracy": 3,
			"shootSound": "artillery"
			"rotate": true
			"shootCone": 20,
			"shake": 0
			"x": 0
			"y": 0
			"shootY": 18
			"mirror": false
			"shootEffect": "shootBig"
			"rotateSpeed": 1.2,
			"bullet": {
				"type": "BasicBulletType",
				"speed": 10,
				"damage": 31,
				"lifetime": 24,
				"width": 12,
				"height": 18,
				"smokeEffect": "shootBigSmoke"
layer: 110
			},
		},
		{
			"name": "clamor-case",
			"alternate": false,
			"ignoreRotation": true,
			"reload": 105,
			"recoil": 2,
			"rotationLimit": 361,
			"ejectEffect": "none",
			"inaccuracy": 3,
			"shootSound": "artillery"
			"rotate": true
			"shootCone": 20,
			"shake": 2.5
			"x": 0
			"y": 0
			"shootY": 18
			"mirror": false
			"shootEffect": "shootBig"
			"rotateSpeed": 1.2,
			"restitution": 0.02,
			"bullet": {
				"type": "BasicBulletType",
				"speed": 10,
				"damage": 0,
				"instantDisappear": true,
				"lifetime": 24,
				"width": 1,
				"height": 1,
				"recoil": 1,
layer: 110
				"smokeEffect": {
					"type": "multiEffect",
					"effects": [
						{
						"type": "ParticleEffect",
						"particles": 8,
						"length": 40,
						"lifetime": 20,
						"line": true,
						"cone": 35,
						"sizeFrom": 8,
						"sizeTo": 1,
						"colorFrom": "ffffff",
						"colorTo": "6e7080"
						},
						{
						"type": "ParticleEffect",
						"particles": 18,
						"length": 40,
						"lifetime": 20,
						"interp": "circleOut",
						"cone": 15,
						"sizeFrom": 6,
						"sizeTo": 1,
						"colorFrom": "ffffa3",
						"colorTo": "6e7080"
						},
					]
				},
			}
		},
	]
	"outlineColor": "00000000",
	"research": {
		"parent": "w2-resound"
		"requirements": [
			{
				"item": "titanium",
				"amount": 100
			},
			{
				"item": "graphite",
				"amount": 100
			},
		]
	}
}