{
	"name": "Ares",
	"description": "An insanely powerfull thermal burner, capable of melting down any defenses.",
	"type": "ContinuousLiquidTurret",
	"health": 4900,
	"squareSprite": false,
	"size": 4,
	"reload": 40,
	"shake": 5,
	"recoil": 0.5,
	"range": 130,
	"restitution": 0.0001,
	"cooldownTime": 0.01,
	"shootCone": 15,
	"rotateSpeed": 2,
	"hasPower": true
	"targetUnderBlocks": true
	"shootY": 4
	"liquidConsumed": 1,
	"liquidCapacity": 180
	"loopSound": "torch",
	"loopSoundVolume": 2.5,
	"shootSound": "shockBlast",
	"consumes": {
		"power": 6
	},
	"drawer": {
	"type": "drawTurret",
	"basePrefix": "reinforced-",
	"parts": [
		{
			"type": "RegionPart",
			"suffix": "-blur",
			"mirror": false
			"outline": false
			"colorTo": "dde868ff",
			"color": "dde86800",
			"blending": "additive",
			"progress": {
				"type": "recoil",
				"op": "blend",
				"other": "heat",
				"amount": 0.25
			},
		},
		{
			"type": "RegionPart",
			"suffix": "-wing",
			"moveY": 0,
			"moveX": 0,
			"moveRot": -45,
			"mirror": true,
			"progress": "warmup"
			"children": [
				{
					"type": "RegionPart",
					"suffix": "-wing-blur",
					"mirror": true
					"outline": false
					"blending": "additive",
					"colorTo": "dde868ff",
					"color": "dde86800",
					"progress": {
						"type": "warmup",
						"op": "blend",
						"other": "heat",
						"amount": 0.25
					},
				},
			]
		},
		{
			"type": "shapePart",
			"y": -22,
			"hollow": true,
			"circle": true,
			"layer": 110,
			"color": "dde868",
			"stroke": 0,
			"strokeTo": 2.1,
			"radiusTo": 4.5,
			"radius": 4.5
		},
{
"type": "HaloPart",
"y": -22,
"radius": 2.5,
"tri": true,
"layer": 110,
"haloRotation": 90,
"shapeRotation": 180,
"color": "dde868",
"haloRadius": 10,
"haloRadiusTo": 10,
"stroke": 0,
"strokeTo": 2,
"shapes": 2,
"triLengthTo": 2.5,
"triLength": 0
},
{
"type": "HaloPart",
"y": -22,
"radius": 2.5,
"tri": true,
"layer": 110,
"haloRotation": 90,
"color": "dde868",
"haloRadius": 10,
"haloRadiusTo": 10,
"stroke": 0,
"strokeTo": 2,
"shapes": 2,
"triLengthTo": 10,
"triLength": 0
},
{
"type": "HaloPart",
"y": -22,
"radius": 3.5,
"tri": true,
"layer": 110,
"color": "dde868",
"haloRotateSpeed": 1.7,
"shapeRotation": 180,
"haloRadius": 10,
"haloRadiusTo": 10,
"stroke": 0,
"strokeTo": 2,
"shapes": 3,
"triLengthTo": 1.5,
"triLength": 0
 }
{
"type": "HaloPart",
"y": -22,
"radius": 3.5,
"tri": true,
"layer": 110,
"color": "dde868",
"haloRotateSpeed": 1.7,
"haloRadius": 10,
"haloRadiusTo": 10,
"stroke": 0,
"strokeTo": 2,
"shapes": 3,
"triLengthTo": 6,
"triLength": 0
 }
{
"type": "HaloPart",
"y": 0,
"radius": 4,
"tri": true,
"layer": 110,
"color": "dde868",
"haloRotateSpeed": 1.7,
"haloRadius": 0,
"haloRadiusTo": 0,
"stroke": 0,
"strokeTo": 2,
"shapes": 4,
"triLengthTo": 20,
"triLength": 0
 }
{
"type": "HaloPart",
"y": 0,
"radius": 3,
"tri": true,
"layer": 110,
"color": "ffffff",
"haloRotateSpeed": 1.7,
"haloRadius": 0,
"haloRadiusTo": 0,
"stroke": 0,
"strokeTo": 2,
"shapes": 4,
"triLengthTo": 15,
"triLength": 0
 }
{
"type": "HaloPart",
"y": 0,
"radius": 2,
"tri": true,
"layer": 110,
"color": "dde868",
"haloRotateSpeed": -1.7,
"haloRadius": 5,
"haloRadiusTo": 5,
"stroke": 0,
"strokeTo": 2,
"shapes": 4,
"triLengthTo": 10,
"triLength": 0
 }
{
"type": "HaloPart",
"y": 0,
"radius": 1.5,
"tri": true,
"layer": 110,
"color": "ffffff",
"haloRotateSpeed": -1.7,
"haloRadius": 5,
"haloRadiusTo": 5,
"stroke": 0,
"strokeTo": 2,
"shapes": 4,
"triLengthTo": 7.5,
"triLength": 0
 }
	]
	},

"ammoTypes": {
"hydrogen": {
	"type": "ContinuousFlameBulletType",
	"colors": ["555de1", "97a5f7", "d1e4ff", "ffffff"],
	"damage": 600,
	"knockback": 4,
	"buildingDamageMultiplier": 1.3
	"width": 10.5,
	"drawFlare": false,
	"hitEffect": none
	"length": 130,
	"drawSize": 200
}
"liquidheat": {
	"type": "ContinuousFlameBulletType",
	"colors": ["e28654", "ffcd66", "ffffa3", "ffffff"],
	"damage": 300,
	"knockback": 4,
	"buildingDamageMultiplier": 1.8
	"rangeChange": 370,
	"width": 6.5,
	"drawFlare": false,
	"lifetime": 60,
	"hitEffect": none
	"length": 500,
	"drawSize": 200
}
},

	"requirements": [
		{ "item": "copper", "amount": 1200 },
		{ "item": "titanium", "amount": 750 },
		{ "item": "phase-decay", "amount": 300 },
		{ "item": "surge-alloy", "amount": 480 },
		{ "item": "plastanium", "amount": 560 }
	],
	"category": "turret",
	"research": "1-crow"
}