{
	"name": "Defender",
	"description": "An upgrade from Rafale, cheaper and more powerfull than Cyclone.",
	"type": "ItemTurret",
	"health": 1190,
	"size": 3,
	"reload": 7,
	"shake": 0.5,
	"range": 300,
	"ammoUseEffect": "none",
	"shootSound": "shoot",
	"restitution": 0.05,
	"shootCone": 15,
	"hasLiquids": true,
	"inaccuracy": 12,
	"targetGround": false
	"shoot": {
		"type": "ShootMulti",
		"source": {
			"type": "ShootBarrel"
			"barrels": [
			3, 1, 0,
			-3, 1, 0
			]
		},
		"dest": [
			{
			"type": "ShootPattern",
			"shots": 1
			}
		]
	},
	"ammoTypes": {
		"lead": {
			"type": "BasicBulletType",
			"drawsize": 120,
			"collidesAir": true
			"collidesGround": false
			"collidesTiles": false
			"damage": 64,
			"ammoMultiplier": 3,
			"width": 9,
			"height": 13,
			"lifetime": 38,
			"bulletShrink": 0,
			"shootEffect": "shootSmall",
			"speed": 8,
			"hitEffect": "explosion"
			"homingPower": 0.02,
			"homingRange": 30,
		},
		"metaglass": {
			"type": "FlakBulletType",
			"explodeRange": 12
			"drawsize": 120,
			"collidesAir": true
			"collidesGround": false
			"collidesTiles": false
			"damage": 8,
			"ammoMultiplier": 4,
			"width": 9,
			"height": 13,
			"lifetime": 38,
			"bulletShrink": 0,
			"shootEffect": "shootSmall",
			"speed": 8,
			"homingPower": 0.02,
			"homingRange": 20,
			"fragBullets": 2,
			"fragBullet": {
				"type": "BasicBulletType",
				"damage": 39,
				"fragVelocityMin": 0.5,
				"fragVelocityMax": 1.6,
				"lifetime": 5,
				"collideGround": false
				"hitEffect": "explosion"
			},
		},
		"plastanium": {
			"type": "FlakBulletType",
			"explodeRange": 12
			"drawsize": 120,
			"collidesAir": true
			"collidesGround": false
			"collidesTiles": false
			"damage": 12,
			"ammoMultiplier": 6,
			"width": 9,
			"height": 13,
			"reloadMultiplier": 0.9,
			"lifetime": 38,
			"bulletShrink": 0,
			"shootEffect": "shootSmall",
			"speed": 8,
			"fragBullets": 5,
			"fragBullet": {
				"type": "BasicBulletType",
				"damage": 49,
				"fragVelocityMin": 0.7,
				"fragVelocityMax": 2.1,
				"lifetime": 7,
				"collideGround": false
				"hitEffect": "explosion"
			},
		},
	},
	"consumes": {
		"coolant": {
		"amount": 0.1
		}
	},
	"coolantMultiplier": 8
	"requirements": [
		{ "item": "thorium", "amount": 180 },
		{ "item": "graphite", "amount": 110 },
		{ "item": "titanium", "amount": 175 },
	],
	"category": "turret",
	"research": "23doug"
}