{
	"name": "Subranon",
	"description": "High pierce...",
	"type": "ItemTurret",
	"health": 2870,
	"size": 4,
	"reload": 1,
	"shake": 0,
	"range": 12600,
	"shootSound": "splash",
	"restitution": 0.1,
	"targetAir": true
	"targetGround": true
	"shootCone": 15,
	"hasLiquids": false,
	"hasItems": true
	"maxAmmo": 120
	"inaccuracy": 3,
	"extinguish": true
	"targetHealing": true
	"shoot": {
		"type": "shootSpread",
		"shots": 720,
		"spread": 0.01,
	},
	"velocityRnd": 0.5,
	"ammoTypes": {
		"graphite": {
			"type": "LiquidBulletType",
			"orbSize": 12,
			"liquid": "water"
			"collideAir": true
			"damage": 0.1,
			"lifetime": 200,
			"shootEffect": "shootBigSmoke",
			"speed": 20.2,
			"knockback": -1,
			"ammoMultiplier": 1,
			"status": "wet"
			"healPercent": 0.2
			"collidesTeam": true
			"pierce": true
			"pierceCap": 1000
			"pierceBuilding": true
			"buildingDamageMultiplier": 1
			"hittable": false
			"reflectable": false
			"absorbable": true
			"collidesAir": true
			"collidesGround": true
			"collidesTiles": true
		}
	}
	"requirements": [
		{ "item": "titanium", "amount": 775 },
		{ "item": "metaglass", "amount": 360 },
		{ "item": "plastanium", "amount": 210 },
		{ "item": "phase-fabric", "amount": 130 },
	],
	"category": "turret",
	"research": "tsunami"
}