{
	"name": "Hurricaine",
	"description": "A higher-tier variant of Tsunami. Must be Manualy controled. Cannot deal damage.",
	"type": "ItemTurret",
	"health": 2870,
	"size": 4,
	"reload": 2,
	"shake": 0,
	"range": 260,
	"shootSound": "splash",
	"restitution": 0.1,
	"shootCone": 15,
	"hasLiquids": false,
	"hasItems": true
	"maxAmmo": 50
	"inaccuracy": 6,
	"extinguish": true
	"targetHealing": true
	"shoot": {
		"type": "shootSpread",
		"shots": 10,
		"spread": 1.5,
	},
	"velocityRnd": 0.2,
	"ammoTypes": {
		"graphite": {
			"type": "LiquidBulletType",
			"orbSize": 4,
			"liquid": "water"
			"collideAir": true
			"damage": 0,
			"lifetime": 62,
			"shootEffect": "shootBigSmoke",
			"speed": 4.2,
			"knockback": 2,
			"ammoMultiplier": 3,
			"status": "wet"
			"healPercent": 0.05
			"collidesTeam": true
		}
		"coal": {
			"type": "LiquidBulletType",
			"orbSize": 4,
			"liquid": "oil"
			"collideAir": true
			"damage": 0,
			"lifetime": 62,
			"shootEffect": "shootBigSmoke",
			"speed": 4.2,
			"knockback": 4,
			"ammoMultiplier": 4,
			"status": "tarred"
			"healPercent": 0.05
			"collidesTeam": true
		}
		"sand": {
			"type": "LiquidBulletType",
			"orbSize": 4,
			"liquid": "slag"
			"collideAir": true
			"damage": 0,
			"lifetime": 62,
			"shootEffect": "shootBigSmoke",
			"speed": 4.2,
			"knockback": 1.5,
			"ammoMultiplier": 3,
			"status": "melting"
			"healPercent": 0.05
			"collidesTeam": true
		}
		"titanium": {
			"type": "LiquidBulletType",
			"orbSize": 4,
			"liquid": "cryofluid"
			"collideAir": true
			"damage": 0,
			"lifetime": 62,
			"shootEffect": "shootBigSmoke",
			"speed": 4.2,
			"knockback": 1,
			"ammoMultiplier": 4,
			"status": "freezing"
			"healPercent": 0.05
			"collidesTeam": true
		}
	}
	"requirements": [
		{ "item": "titanium", "amount": 775 },
		{ "item": "metaglass", "amount": 360 },
		{ "item": "plastanium", "amount": 210 },
		{ "item": "phase-fabric", "amount": 130 },
	],
	"category": "turret",
	"research": "tsunami"
}