{
	"name": "Pointer",
	"description": "Ever wanted to own a laser? Well now you can blind your enemies from miles away!",
	"type": "TractorBeamTurret",
	"health": 270,
	"size": 2,
	"range": 8000,
	"hasLiquids": false,
	"inaccuracy": 0,
	"targetAir": true
	"targetGround": true
	"rotateSpeed": 2,
	"hasPower": true
	"force": 0,
	"scaledForce": 0,
	"damage": 0.1,
	"laserWidth": 0.2,
	"laserColor": "ff0000ff"
	"consumes": {
		"power": 0.5
	},
	"requirements": [
		{ "item": "surge-alloy", "amount": 15 },
		{ "item": "titanium", "amount": 70 },
		{ "item": "silicon", "amount": 160 },
	],
	"category": "turret",
	"research": "parallax"
}