{
	"name": "Quad",
	"description": "A small Aoe turret that only destroys units in 4 directions.",
	"type": "PowerTurret",
	"health": 850,
	"size": 2,
	"reload": 120,
	"range": 90,
	"hasLiquids": false,
	"inaccuracy": 0,
	"targetAir": true
	"targetGround": true
	"recoil": 0,
	"ammoUseEffect": "none",
	"shootSound": "none",
	"rotateSpeed": 0,
	"shootCone": 360,
	"hasPower": true
	"shootY": 0
	"basePrefix": "quad-",
	"shoot": {
		"type": "shootSpread",
		"shots": 4,
		"spread": 90,
	},
	"shootType": {
		"type": "LaserBulletType"
		"sprite": "carbon-vanilla-clear",
		"damage": 110,
		"length": 100,
		"width": 12,
		"hitEffect": "hitLancer",
		"lightColor": "ffffa3ff",
		"colors": [
			"ffffa3ff",
			"ffcd66ff",
			"e28654ff"
		],
		"sideWidth": 0
		"sideLength": 0,
		"sideAngle": 25,
		"lifetime": 40
	},
	"consumes": {
		"power": 4
	},
	"requirements": [
		{ "item": "plastanium", "amount": 30 },
		{ "item": "titanium", "amount": 60 },
		{ "item": "silicon", "amount": 90 },
	],
	"category": "turret",
	"research": "fuse"
}