{
	"name": "Quint",
	"description": "Quad's big brother. Much more powerfull.",
	"type": "PowerTurret",
	"health": 850,
	"size": 3,
	"reload": 240,
	"range": 90,
	"hasLiquids": false,
	"inaccuracy": 0,
	"targetAir": true
	"targetGround": true
	"recoil": 0,
	"ammoUseEffect": "none",
	"shootSound": "none",
	"rotateSpeed": 1,
	"shootCone": 180,
	"hasPower": true
	"shootY": 0
	"basePrefix": "quint-",
	"shoot": {
		"type": "ShootPattern",
		"shots": 180,
		"shotDelay": 1
	},
	"shootType": {
		"type": "LaserBulletType"
		"sprite": "carbon-vanilla-clear",
		"damage": 18,
		"length": 95,
		"width": 12,
		"hitEffect": "hitLancer",
		"lightColor": "ffffa3ff",
		"colors": [
			"ffffa3ff",
			"ffcd66ff",
			"e28654ff"
		],
		"sideWidth": 0
		"sideLength": 0,
		"sideAngle": 25,
		"lifetime": 40
	},
	"consumes": {
		"power": 5
	},
	"requirements": [
		{ "item": "plastanium", "amount": 60 },
		{ "item": "thorium", "amount": 60 },
		{ "item": "silicon", "amount": 90 },
	],
	"category": "turret",
	"research": "quad"
}