{
	"name": "Retract",
	"description": "A medium range electric tractor beam.",
	"type": "TractorBeamTurret",
	"health": 650,
	"size": 2,
	"range": 300,
	"hasLiquids": false,
	"inaccuracy": 0,
	"targetAir": true
	"targetGround": true
	"rotateSpeed": 16,
	"hasPower": true
	"force": 65,
	"scaledForce": 0,
	"damage": 0,
	"laserWidth": 0.5,
	"laserColor": "ffffff50"
	"consumes": {
		"power": 0.5
	},
	"requirements": [
		{ "item": "graphite", "amount": 30 },
		{ "item": "titanium", "amount": 70 },
		{ "item": "silicon", "amount": 160 },
	],
	"category": "turret",
	"research": "parallax"
}