{
	"name": "Response",
	"description": "A medium range electric laser. Looks... familiar.",
	"type": "TractorBeamTurret",
	"health": 1150,
	"size": 3,
	"range": 220,
	"hasLiquids": false,
	"inaccuracy": 0,
	"targetAir": true
	"targetGround": true
	"rotateSpeed": 1,
	"hasPower": true
	"force": 0,
	"scaledForce": 0,
	"damage": 8,
	"laserWidth": 0.4,
	"laserColor": "ff0000"
	"status": "melting"
	"consumes": {
		"power": 12
	},
	"requirements": [
		{ "item": "thorium", "amount": 30 },
		{ "item": "titanium", "amount": 250 },
		{ "item": "silicon", "amount": 160 },
	],
	"category": "turret",
	"research": "parallax"
}