{
	"name": "Raptor",
	"description": "A super-fast shooting turret. Essentially a compact Spectre. Was not fit for Carbonized Fuse, but still has some of its components.",
	"details": "Its use of Carbon Fiber is extremely controversial, as it would violate Geneva Conventions, having randomized live landmines and shrapnel."
	"type": "ItemTurret",
	"health": 1870,
	"size": 3,
	"reload": 9,
	"shake": 1,
	"range": 200,
	"ammoUseEffect": "casing3Double",
	"shootSound": "shootBig",
	"restitution": 0.1,
	"shootCone": 15,
	"spread": 0,
	"hasLiquids": true,
	"inaccuracy": 3,
	"xRand": 2.9,
	"velocityRnd": 0.11,
	"ammoTypes": {
		"plastanium": {
			"type": "BasicBulletType",
			"drawsize": 220,
			"collideAir": true
			"damage": 72,
			"ammoMultiplier": 3,
			"width": 8,
			"height": 12,
			"reloadMultiplier": 1,
			"lifetime": 25,
			"bulletShrink": 0,
			"shootEffect": "shootBig",
			"speed": 8,
			"homingPower": 0.03,
			"homingRange": 40,
			"fragBullets": 3,
			"fragBullet": {
				"type": "BasicBulletType",
				"damage": 22,
				"VelMin": 0.3,
				"VelMax": 4.9,
				"lifetime": 15,
			},
		},
		"thorium": {
			"type": "BasicBulletType",
			"drawsize": 230,
			"collideAir": true
			"reloadMultiplier": 1.15,
			"damage": 78,
			"ammoMultiplier": 3,
			"width": 8,
			"height": 12,
			"toColor": "thoriumPink",
			"lifetime": 33,
			"bulletShrink": 0.6,
			"shootEffect": "shootBig2",
			"smokeEffect": "thoriumShoot"
			"speed": 6,
			"pierce": true
		},
		"carbon-fiber": {
			"type": "BasicBulletType",
			"drawsize": 250,
			"collideAir": true
			"damage": 75,
			"ammoMultiplier": 2,
			"width": 8,
			"height": 12,
			"reloadMultiplier": 0.5,
			"lifetime": 30,
			"bulletShrink": 0,
			"shootEffect": "shootBig",
			"smokeEffect": "shootBigSmoke"
			"speed": 8,
			"homingPower": 0.05,
			"homingRange": 12,
			"fragBullets": 1,
			"fragBullet": {
				"type": "BasicBulletType",
				"sprite": "large-bomb"
				"width": 18,
				"height": 18,
				"shrinkX": 0.4,
				"shrinkY": 0.4,
				"drawsize": 380,
				"damage": 100,
				"speed": 0,
				"lifetime": 720,
				"hitEffect": "massiveExplosion"
				"despawnEffect": "massiveExplosion"
			},
		},
	},
	"consumes": {
		"coolant": {
		"amount": 0.2
		}
	},
	"coolantMultiplier": 6.5
	"requirements": [
		{ "item": "copper", "amount": 850 },
		{ "item": "titanium", "amount": 775 },
		{ "item": "carbon-fiber", "amount": 160 },
		{ "item": "plastanium", "amount": 210 },
		{ "item": "surge-alloy", "amount": 180 }
	],
	"category": "turret",
	"research": "fuse"
}