{
	"name": "Carbonized Cyclone",
	"description": "A modified version of Cyclone, Shoots fragmentation bullets at enemies at high speed.",
	"details": "Fires explosives at nearby enemies."
	"type": "ItemTurret",
	"health": 1305,
	"size": 3,
	"reload": 6,
	"shake": 0.6,
	"range": 200,
	"ammoUseEffect": "casing3",
	"shootSound": "shootBig",
	"restitution": 0.01,
	"shootCone": 15,
	"hasLiquids": true,
	"inaccuracy": 12,
	"velocityRnd": 0.1,
	"xRand": 2,
"shoot": {
	"type": "ShootMulti",
	"source": {
		"type": "ShootBarrel"
		"barrels": [
			-2.5, -1.5, 0,
			0, -0.5, 0,
			2.5, -1.5, 0,
		]
	},
	"dest": [
		{
			"type": "ShootPattern",
			"shots": 1
		}
	]
},
	"drawer": {
	"type": "drawTurret",
	"parts": [
		{
			"type": "RegionPart",
			"suffix": "-barrel-1",
			"moveY": -1.5,
			"moveX": 0,
			"moveRot": 0,
			"mirror": false,
			"progress": "recoil"
			"recoilIndex": 1
			"under": true,
"heatProgress": {
"type": "recoil",
"op": "blend",
"amount": 0.2,
"cooldownTime": 80,
"other": 0,
"recoilIndex": 1
},
		},

		{
			"type": "RegionPart",
			"suffix": "-barrel-2",
			"moveY": -1.5,
			"moveX": 0,
			"moveRot": 0,
			"mirror": false,
			"progress": "recoil"
			"recoilIndex": 2
			"under": true,
"heatProgress": {
"type": "recoil",
"op": "blend",
"amount": 0.2,
"cooldownTime": 80,
"other": 0,
"recoilIndex": 2
},
		},

		{
			"type": "RegionPart",
			"suffix": "-barrel-3",
			"moveY": -1.5,
			"moveX": 0,
			"moveRot": 0,
			"mirror": false,
			"progress": "recoil"
			"recoilIndex": 3
			"under": true,
"heatProgress": {
"type": "recoil",
"op": "blend",
"amount": 0.2,
"cooldownTime": 80,
"other": 0,
"recoilIndex": 3
},
		},
	]
	},
	"ammoTypes": {
		"thorium": {
			"type": "FlakBulletType",
			"drawsize": 240,
			"collideAir": true
			"reloadMultiplier": 1,
			"damage": 32,
			"ammoMultiplier": 3,
			"width": 8,
			"height": 12,
			"toColor": "thoriumPink",
			"lifetime": 25,
			"bulletShrink": 0.6,
			"shootEffect": "shootBig",
			"smokeEffect": "none"
			"speed": 8,
			"pierce": true
			explodeRange: 20
			"fragBullets": 2,
			"fragBullet": {
				"type": "BasicBulletType",
				"damage": 38,
				"fragVelocityMin": 1.1,
				"fragVelocityMax": 2.7,
				"lifetime": 15,
			},
		},
		"surge-alloy": {
			"type": "FlakBulletType",
			"drawsize": 240,
			"collideAir": true
			"reloadMultiplier": 1.2,
			"damage": 22,
			"ammoMultiplier": 2,
			"width": 8,
			"height": 12,
			"lifetime": 25,
			"bulletShrink": 0.6,
			"shootEffect": "shootBig",
			"smokeEffect": "shootSmallSmoke"
			"speed": 8,
			lightning: 2
			lightningDamage: 14
			lightningCone: 360
			lightningLengthRand: 2
			lightningLength: 7
			explodeRange: 20
		},
		"carbon-fiber": {
			"type": "FlakBulletType",
			"drawsize": 240,
			"collideAir": true
			"damage": 72,
			"ammoMultiplier": 1,
			"width": 8,
			"height": 12,
			"reloadMultiplier": 0.75,
			"lifetime": 20,
			"bulletShrink": 0,
			"shootEffect": "shootBig",
			"smokeEffect": "shootBigSmoke"
			"speed": 10,
			"homingPower": 0.05,
			"homingRange": 40,
			explodeRange: 28
			"fragBullets": 3,
			"fragBullet": {
				"type": "BasicBulletType",
				"damage": 42,
				"fragVelocityMin": 1.1,
				"fragVelocityMax": 4.9,
				"lifetime": 18,
			},
		},
	},
	"consumes": {
		"coolant": {
		"amount": 0.3
		}
	},
	"coolantMultiplier": 8
	"requirements": [
		{ "item": "copper", "amount": 220 },
		{ "item": "titanium", "amount": 120 },
		{ "item": "carbon-fiber", "amount": 90 },
	],
	"category": "turret",
	"research": "cyclone"
}