{
	"name": "Override",
	"description": "The apex weapon. Shoots missiles over extreme distances.",
	"type": "ItemTurret",
	"health": 4520,
	"size": 5,
	"reload": 120,
	"shake": 125,
	"range": 60,
	"ammoUseEffect": "explosion",
	"shootSound": "missileLarge",
	"restitution": 1,
	"minWarmup": 0.7,
	"recoil": 0,
	"shootCone": 1,
	"rotateSpeed": 18,
	"restitution": 0.005,
	"cooldownTime": 80,
	"targetAir": false,
	"ammoPerShot": 1990,
	"maxAmmo": 2000
	"basePrefix": "z58-",
	"ammoTypes": {
		"phase-decay": {
      			"type": "BasicBulletType",
			"spawnUnit": "zutomayo-missile"
		}
	},
	"requirements": [
		{ "item": "copper", "amount": 4000 },
		{ "item": "silicon", "amount": 4000 },
		{ "item": "phase-decay", "amount": 2000 },
	],
	"category": "turret",
	"research": "1-crow"
}