{
	"name": "Hyperdrive",
	"description": "An extremely powerfull overdrive projector, for singular buildings.",
	"type": "OverdriveProjector",
	"health": 380,
	"size": 2,
	"range": 28,
	"hasPower": true
	"speedBoost": 8,
    "speedBoostPhase": 8,
    "phaseRangeBoost": 60,
    "consumes": { 
        "power": 40,
        "items": {
			"items": [ {"item": "phase-decay", "amount": 1} ],
			"booster": true,
			"optional": true
        } 
    },
	"requirements": [
		{ "item": "phase-decay", "amount": 35 },
		{ "item": "lead", "amount": 350 },
		{ "item": "plastanium", "amount": 190 },
   	     { "item": "titanium", "amount": 200 }
   	     { "item": "thorium", "amount": 280 }
	],
	"category": "effect",
	"research": "overdrive-projector"
}