{
	"type": "NuclearReactor",
	"health": 420,
	"name": "Compression Reactor"
	"description": "A powerfull heat turbine, uses Copper and Cryofluid.",
	"size": 3,
	"squareSprite": false,
	"baseExplosiveness": 500,
	"explosionRadius": 40,
	"explosionDamage": 650,
	"liquidCapacity": 150
	"hasLiquids": true,
	"hasItems": true,
	"powerProduction": 40,
	"heating": 0.004,
	"itemDuration": 60,
	"fuelItem": "copper"
	"drawer": {
		"type": "DrawMulti",
		"drawers": [
			{
				"type": "DrawRegion"
				"suffix": "-bottom"
			},
			{
				"type": "DrawLiquidTile",
				"drawLiquid": "cryofluid",
				"padding": 4
			},
			{
				"type": "DrawDefault"
			},
			{
				"type": "DrawGlowRegion"
				"suffix": "-heat"
				"glowScale": 3,
				"glowIntensity": 0.5
				"alpha": 0.9
			},
		]
	},
	"consumes": {
		liquid: {
			liquid: cryofluid
			amount: 0.5
		}
		"items": {
			"items": [
				"copper/1"
			]
		}
	},
	"requirements": [
		{
			"item": "carbon-fiber",
			"amount": 200
		},
		{
			"item": "phase-fabric",
			"amount": 100
		},
		{
			"item": "silicon",
			"amount": 170
		},
		{
			"item": "thorium",
			"amount": 150
		},
	],
	"category": "power",
	"research": "thorium-reactor",
	"ambientSound": "hum",
	"ambientSoundVolume": 0.45,
}