{
	"name": "Solar Heater",
	"description": "A large solar array that generates tremendous amount of power, but requires cooling. Conducts power.",
	"type": "AttributeCrafter"
	"conductivePower": true
	"size": 4,
	"health": 260,
	"itemCapacity": 30,
	"hasLiquids": true,
	"hasPower": true,
	"hasItems": true,
	"updateEffect": "steam",
	"craftEffect": "steam",
	"boostScale": 1
	"maxBoost": 3
	"liquidCapacity": 50,
	"consumes": {
                "liquid": {
			"liquid": "water",
			"amount": 0.1
		},
	},
	"requirements": [
		{
			"item": "titanium",
			"amount": 110,
		},
		{
			"item": "metaglass",
			"amount": 100,
		},
		{
			"item": "silicon",
			"amount": 120,
		},
		{
			"item": "phase-decay",
			"amount": 20,
		}
	],
	"category": "power",
	"rotate": false
	"research": "solar-panel",
	"idleSound": "machine",
	"idleSoundVolume": 0.05,
	"outputItem": {
		"item": "solid-heat",
		"amount": 1
	},
	"craftTime": 10,
}