{
	"type": "HeaterGenerator",
	"health": 350,
	"name": "Heat Charger"
	"description": 
'''
A building that has the task of transforming liquid heat into pure heat.
The most powerfull power source when running at full speed, similar to an Impact reactor, except on a much larger scale.
Highly explosive.
'''
	"size": 2,
	"lightColor": "FB9957FF",
	"liquidCapacity": 120,
	"baseExplosiveness": 1,
	"explosionRadius": 80,
	"explosionDamage": 40,
	"hasLiquids": true,
	"hasItems": false,
	"powerProduction": 75,
	"heatOutput": 1200
	"warmupSpeed": 1,
	"itemDuration": 1,
	"drawer": {
		"type": "DrawMulti",
		"drawers": [
			{
				"type": "DrawRegion"
				"suffix": "-bottom"
			},
			{
				"type": "DrawRegion"
				"suffix": "-fan1"
				"spinSprite": true
				"rotateSpeed": 35
				"rotation": 0
			},
			{
				"type": "DrawDefault"
			},
			{
				"type": "DrawHeatOutput"
			},
		]
	},
	"consumes": {
                "liquid": {
			"liquid": "liquidheat",
			"amount": 2
		},
	},
	"requirements": [
		{
			"item": "titanium",
			"amount": 130
		},
		{
			"item": "thorium",
			"amount": 75
		},
		{
			"item": "silicon",
			"amount": 150
		},
		{
			"item": "surge-alloy",
			"amount": 120
		},
	],
	"category": "power",
	"conductivePower": true
	"rotate": true
	"loopSound": "pulse",
	"loopSoundVolume": 1.0,
	"research": "pq01-heated",
	"ambientSound": "hum",
	"ambientSoundVolume": 1,
}