{
	"name": "Heating Refinery",
	"description": 
'''
An extremely powerfull heat transferer, Consumes insane amounts of power.
WARNING: TO BE PROTECTED AT ANY COSTS; YOU WILL NOT HAVE A SECOND CHANCE.
'''
	"type": "GenericCrafter"
	"size": 4,
	"health": 1320,
	"liquidCapacity": 1440,
	"hasLiquids": true,
	"hasPower": true,
	"hasItems": false,
	"outputLiquid": "superheat/0.11"
	"requirements": [
		{
			"item": "graphite",
			"amount": 420
		},
		{
			"item": "thorium",
			"amount": 300
		},
		{
			"item": "carbon-fiber",
			"amount": 200
		},
		{
			"item": "plastanium",
			"amount": 260
		},
		{
			"item": "surge-alloy",
			"amount": 300
		},
		{
			"item": "phase-decay",
			"amount": 210
		},
	],
	"drawer": {
		"type": "DrawMulti",
		"drawers": [
			{
				"type": "DrawRegion"
				"suffix": "-bottom"
			},
			{
				"type": "DrawGlowRegion"
				"suffix": "-h"
				"color": "000000"
				"glowScale": 5,
				"glowIntensity": 0.1
				"alpha": 1
				"layer": -1
			},
			{
				"type": "DrawLiquidTile",
				"drawLiquid": "liquidheat",
				"padding": 0
			},
			{
				"type": "DrawLiquidTile",
				"drawLiquid": "superheat",
				"padding": 0
			},
//			{
//				"type": "DrawBubbles"
//				"color": "ff3838"
//				"amount": 30
//				"spread": 16
//				"recurrence": 2
//			},

			{
				"type": "DrawRegion"
				"suffix": "-fan1"
				"spinSprite": true
				"rotateSpeed": 10
				"rotation": 0
				"x": 0
				"y": 10
			},
			{
				"type": "DrawRegion"
				"suffix": "-fan1"
				"spinSprite": true
				"rotateSpeed": 10
				"rotation": 0
				"x": 10
				"y": 0
			},

			{
				"type": "DrawRegion"
				"suffix": "-fan1"
				"spinSprite": true
				"rotateSpeed": 10
				"rotation": 0
				"x": 0
				"y": -10
			},
			{
				"type": "DrawRegion"
				"suffix": "-fan1"
				"spinSprite": true
				"rotateSpeed": 10
				"rotation": 0
				"x": -10
				"y": 0
			},
			{
				"type": "DrawPistons",
				"sides": 4,
				"sinScl": -5,
				"sideOffset": 0,
				"sinMag": 10
				"lenOffset": 0
			},

			{
				"type": "DrawDefault"
			},
		]
	},
	"consumes": {
		"power": 250,
		"liquids": [
			"liquidheat/6"
		]
	},
	"updateEffect": {
		"type": "MultiEffect",
		"effects": [
		{
		"type": "RadialEffect"
		"amount": 1
		"rotationSpacing": 90
		"rotationOffset": 0
		"lengthOffset": 6
		"effect": "surgeCruciSmoke"
		}
		{
		"type": "RadialEffect"
		"amount": 1
		"rotationSpacing": 45
		"rotationOffset": 180
		"lengthOffset": 6
		"effect": "surgeCruciSmoke"
		}
		]
	}
	"category": "power",
	"conductivePower": true
	"rotate": false
	"loopSound": "hum",
	"loopSoundVolume": 10,
	"research": "pq02-heated-card",
	"ambientSound": "hum",
	"ambientSoundVolume": 10,
	"itemDuration": 360,
}