{
	"type": "ImpactReactor",
	"health": 370,
	"name": "Heron Engine"
	"description": "An old relic revamped into a usable engine. No one knows how it actually works nowadays."
	"size": 3,
	"lightColor": "FB9957FF",
	"baseExplosiveness": 0,
	"explosionRadius": 1,
	"explosionDamage": 0,
	"liquidCapacity": 120
	"hasLiquids": true,
	"hasItems": false,
	"powerProduction": 10,
	"warmupSpeed": 0.001,
	"itemDuration": 360,
	"drawer": {
		"type": "DrawMulti",
		"drawers": [
			{
				"type": "DrawRegion"
				"suffix": "-bottom"
			},
			{
				"type": "DrawLiquidTile",
				"drawLiquid": "cryofluid",
			},
			{
				"type": "DrawRegion"
				"suffix": "-fan1"
				"spinSprite": true
				"rotateSpeed": 190
				"rotation": 0
			},
			{
				"type": "DrawDefault"
			},
		]
	},
	"consumes": {
		"power": 0,
		"liquids": [
			{
			"liquid": "water", 
			"amount": 1,
			}
			{
			"liquid": "cryofluid", 
			"amount": 0.5,
			}
		]
		"items": {
			"items": [
				{
				"item": "coal",
				"amount": 1,
				}
			]
		},
	},
	"requirements": [
		{
			"item": "copper",
			"amount": 230
		},
		{
			"item": "titanium",
			"amount": 130
		},
		{
			"item": "silicon",
			"amount": 150
		},
		{
			"item": "surge-alloy",
			"amount": 20
		},
	],
	"category": "power",
	"loopSound": "pulse",
	"loopSoundVolume": 1.0,
	"research": "differential-generator",
	"ambientSound": "hum",
	"ambientSoundVolume": 1,
}