{
"type": "missile",
"controller": "MissileAI",
"template": "MissileUnitType", 
"lowAltitude": true,
"speed": 5,
"rotateSpeed": 10,
"lifetime": 80,
"physics": false,
"flying": true,
"hidden": true,
"health": 5000,
"hitSize": 8,
"engineLayer": 110,
"trailColor": "6cb7f5",
"missileAccelTime": 15,
"engineOffset": 4,
"engineSize": 2,
"drawCell": false,
"engineColor": 6cb7f5ff
"maxRange": 20,
"trailLength": 5,
"range": 20
"fallEffect": none
"fallEngineEffect": none
"deathExplosionEffect": none
"weapons": [
 	{
	"shootOnDeath": true,
	"controllable": true,
	"shootSound": "explosion",
	"shootCone": 180,
	"mirror": false
	"rotateSpeed": 18,
	"bullet": {
		"type": "BasicBulletType",
		"killShooter": true,
		"instantDisappear": true,
		"hitSoundVolume": 1,
		"hitSound": none,
		"buildingDamageMultiplier": 1,
		"damage": 0,
		"status": "freezing",
		"statusDuration": 720
			"collidesAir": true
			"collidesGround": true
			"collidesTiles": true
			"lightning": 1,
			"lightningDamage": 90,
			"lightningCone": 1,
			"lightningLengthRand": 10,
			"lightningLength": 1,
			"lightningColor": "6cb7f5"
		"lifeTime": 1
		"speed": 4
		"width": 1,
		"height": 1,
		"homingPower": 2,
		"homingRange": 12,
		"shootEffect": "none",
	}
}
 ],
"abilities": [
{
"type": "MoveEffectAbility",
"effect": {
"type": "ParticleEffect",
"particles": 6,
"sizeFrom": 2.5,
"sizeTo": 0,
"length": 20,
"lifetime": 20,
"lightOpacity": 0,
"interp": "circleOut",
"sizeInterp": "pow5In",
"colorFrom": "6cb7f5ff",
"colorTo": "ffffff00",
"cone": 10
},
"interval": 2,
"y": -8,
"rotateEffect": true,
"rotation": 180
}
]
}
