{
	"type": "flying",
	"name": "Mining drone, Tier II",
	"description": "a tiny drone to mine items. Has different priorities than T1, and extended lifetime. Logic and player controlable.",
	"health": 120,
	"flying": true,
	"maxVelocity": 7,
	"speed": 2.8,
	"drag": 0.02,
	"mass": 0.5,
	"rotateSpeed": 12,
	"hitSize": 12
	"itemCapacity": 60
	"range": 80,
	"attackLength": 80,
	"shootCone": 15,
	"rotateWeapon": true,
	"targetAir": false
	"engineOffset": 4.5,
	"engineSize": 2.5,
	"playerControllable": true
	"logicControllable": true
	"outlineColor": 00000000
	"mineTier": 5
	"mineSpeed": 5
	"mineWalls": true
	"defaultController": "minerAI"
	"mineItems": [
		"thorium"
		"titanium"
		"copper"
		"graphite"
		"coal"
		"tungsten"
	]
	abilities: [
        	{
        	type: mindustry.entities.abilities.RepairFieldAbility
        	healEffect: {
        	type: WaveEffect
        	lifetime: 30
        	sizeFrom: 0
        	sizeTo: 5
        	strokeFrom: 2
        	strokeTo: 0
        	lightColor: 73FFAEFF
        	colorFrom: 73FFAEFF
        	colorTo: 57D993FF
        	}
        	range: 0.5
        	amount: -2
        	reload: 120
        	    }
    	]
	"research": {
		"parent": "flare"
		"requirements": [
			{
				"item": "spore-pod",
				"amount": 50
			},
			{
				"item": "metaglass",
				"amount": 50
			},
		]
	}
}