{
	"type": "flying",
	"name": "Sentry"
	"rotateSpeed": 2.5,
	"speed": 0,
	"drag": 1,
	"mass": 5,
	"maxVelocity": 4,
	"flying": true,
	"range": 100,
	"attackLength": 100,
	"itemCapacity": 0,
	"armor": 0,
	"hitSize": 12,
	"health": 800,
	"squareShape": false,
	"singleTarget": false,
	"rotateMoveFirst": true,
	"engineOffset": 3,
	"engineSize": 0,
	"faceTarget": true,
	"weapons": [
		{
			"name": "sentry-gun",
			"restitution": 0.008,
			"alternate": true,
			"ignoreRotation": true,
			"reload": 60,
			"recoil": 1.5,
			"rotationLimit": 1,
			"inaccuracy": 5,
			"shootSound": "shoot"
			"rotate": true
			"shootCone": 20,
			"shake": 0.5
			"x": 0
			"y": 0
			"shootY": 0
			"mirror": false
			"shootEffect": "shootSmall"
			"rotateSpeed": 2,
			"bullet": {
				"type": "BasicBulletType",
				"speed": 7,
				"damage": 5,
				"lifetime": 31,
				"width": 6,
				"height": 9,
				"smokeEffect": "shootSmallSmoke"
				"recoil": 0.2,
			},
		},
	]
	"outlineColor": "00000000",
	"research": {
		"parent": "1-crow"
		"requirements": [
			{
				"item": "titanium",
				"amount": 200
			},
		]
	}
}