{
	"type": "UnitCargoLoader",
	"name": "Replaced Facility",
	"description": "This building has the same use as the other building. It is used to outpass unit count. More expensive, for balancing."
	"size": 2,
	"health": 200,
	"hasPower": false,
	"unitType": "minedrone1.5"
	"itemCapacity": 10
	"buildTime": 480
	"polyRadius": 4
	"polyColor": "9e78dc"
	"requirements": [
		{
		"item": "titanium",
		"amount": 20
		},
		{
		"item": "silicon",
		"amount": 30
		},
		{
		"item": "lead",
		"amount": 80
		}
	],
	"consumes": {
		"items": {
			"items": [
				{
				"item": "spore-pod",
				"amount": 10,
				}
			]
		},
	},
	"research": "laser-drill"
	"category": "production",
}
