{
	"type": "UnitCargoLoader",
	"name": "Improved Mining Facility",
	"description": "A small improvement from the standard Mining Facility. Does not have a second version of itself."
	"size": 3,
	"health": 330,
	"hasPower": false,
	"unitType": "minedrone2"
	"buildTime": 600
	"polyRadius": 8
	"polyColor": "9e78dc"
	"itemCapacity": 15
	"requirements": [
		{
		"item": "titanium",
		"amount": 40
		},
		{
		"item": "silicon",
		"amount": 40
		},
		{
		"item": "thorium",
		"amount": 40
		}
	],
	"consumes": {
		"items": {
			"items": [
				{
				"item": "spore-pod",
				"amount": 15,
				}
			]
		},
	},
	"research": "d02-coremine1"
	"category": "production",
}
