{
	"name": "Global Miner Repair Turret",
	"description": "A healing turret, that repairs units in its radius. Extends lifetime of miner drones in the perimeter.",
	"type": "RepairTurret",
	"health": 260,
	"size": 2,
	"repairRadius": 360,
	"repairSpeed": 4
	"laserColor": "9e78dc"
	"hasPower": true
	"powerUse": 1.5
	"timerTarget": 0
	"timerEffect": 1
	"consumes": {
		"liquids": [
			"water/0.22"
		]
	}
	"requirements": [
		{ "item": "thorium", "amount": 125 },
		{ "item": "lead", "amount": 50 },
		{ "item": "titanium", "amount": 80 },
		{ "item": "silicon", "amount": 120 },
	],
	"category": "production",
	"research": "coremine2"
}