{
	"name": "Mass Sand repository",
	"description": "Who knew Sand was so valuable? Well this massive sand building can hold 10k of it.",
	"type": "GenericCrafter"
	"size": 5,
	"liquidCapacity": 100,
	"itemCapacity": 10000,
	"hasLiquids": true,
	"hasPower": true,
	"hasItems": true,
	"updateEffect": "pulverizeRed",
	"craftEffect": "none",
	"drawer": {
		"type": "DrawMulti",
		"drawers": [
			{
				"type": "DrawRegion"
				"suffix": "-bottom"
			},
			{
				"type": "DrawGlowRegion"
				"suffix": "-heat"
				"glowScale": 4,
				"glowIntensity": 0.2
				"alpha": 0.8
			},
			{
				"type": "DrawRegion"
				"suffix": "-spinner"
				"spinSprite": true
				"rotateSpeed": 70
				"rotation": 0
			},
			{
				"type": "DrawDefault"
			},
		]
	},
	"consumes": {
		"power": 4,
		"liquids": [
			{
			"liquid": "water", 
			"amount": 0.06,
			}
			{
			"liquid": "liquidheat", 
			"amount": 0.1,
			}
		]
	},
	"requirements": [
		{ "item": "thorium", "amount": 160 },
		{ "item": "phase-decay", "amount": 30 },
		{ "item": "graphite", "amount": 90 }
		{ "item": "copper", "amount": 60 }
	],
	"category": "production",
	"rotate": false
	"research": "d01-5drill",
	"idleSound": "hum",
	"idleSoundVolume": 1,
	"outputItem": {
		"item": "sand",
		"amount": 60
	},
	"craftTime": 1,
}