{
	"type": "flying",
	"name": "Cargo Zenith",
	"health": 700,
	"armor": 5,
	"flying": true,
	"maxVelocity": 2,
	"speed": 1.75,
	"drag": 0.02,
	"mass": 34,
	"rotateSpeed": 2,
	"hitSize": 20
	"circleTarget" : true,
	"itemCapacity": 80
	"range": 100,
	"attackLength": 100,
	"shootCone": 150,
	"rotateWeapon": true,
	"targetAir": true,
	"engineOffset": 8,
	"engineSize": 11,
	"abilities": [
		{
			"type": "mindustry.entities.abilities.ForceFieldAbility",
			"radius": 100,
			"rotation": 0,
			"sides": 8,
			"max": 8700,
			"regen": 2,
			"color": "8AA3F4",
		},
		{
			"type": "mindustry.entities.abilities.ForceFieldAbility",
			"radius": 160,
			"rotation": 0,
			"sides": 8,
			"max": 3500,
			"regen": 5,
			"color": "8AA3F4",
		},
		{
			"type": "UnitSpawnAbility",
			"spawnTime": 600,
			"unit": "cargobkp",
			"spawnX": -30,
			"spawnY": 0,
			"parentizeEffects": false,
		},
		{
			"type": "mindustry.entities.abilities.StatusFieldAbility",
			"range": 160,
			"reload": 300,
			"duration": 600,
			"effect": "overclock"
		},
		{
			"type": "mindustry.entities.abilities.StatusFieldAbility",
			"range": 100,
			"reload": 300,
			"duration": 150,
			"effect": "shielded"
		},
		{
			"type": "mindustry.entities.abilities.RepairFieldAbility",
			"activeEffect": {
				"type": "WaveEffect",
				"lifetime": 25,
				"sizeFrom": 0,
				"sizeTo": 80,
				"strokeFrom": 6,
				"strokeTo": 0,
				"colorFrom": "6ce5f5",
				"colorTo": "6ce5f5"
			},
			"healEffect": {
				"type": "WaveEffect",
				"lifetime": 25,
				"sizeFrom": 0,
				"sizeTo": 10,
				"strokeFrom": 6,
				"strokeTo": 0,
				"colorFrom": "6ce5f5",
				"colorTo": "6ce5f5"
			},
			"range": 150,
			"amount": 120,
			"reload": 90
		},
	]
	"outlineColor": 00000000
	"research": {
		"parent": "dagger"
		"requirements": [
			{
				"item": "graphite",
				"amount": 240
			},
		]
	}
}