{
	"type": "flying",
	"name": "Cargo Zenith",
	"health": 700,
	"armor": 5,
	"flying": true,
	"maxVelocity": 2,
	"speed": 1.7,
	"drag": 0.016,
	"hitSize": 20
	"itemCapacity": 80
	"range": 150,
	"attackLength": 150,
	"shootCone": 150,
	"rotateWeapon": true,
	"targetAir": true,
	"engineOffset": 12,
	"engineSize": 3,
	"buildSpeed": 1
	"buildBeamOffset": 0
	"abilities": [
		{
			"type": "mindustry.entities.abilities.ForceFieldAbility",
			"radius": 60,
			"rotation": 0,
			"sides": 6,
			"max": 480,
			"regen": 0.3,
			"color": "6ce5f5",
		},
		{
			"type": "mindustry.entities.abilities.RepairFieldAbility",
			"activeEffect": {
				"type": "WaveEffect",
				"lifetime": 25,
				"sizeFrom": 0,
				"sizeTo": 80,
				"strokeFrom": 6,
				"strokeTo": 0,
				"colorFrom": "6ce5f5ff",
				"colorTo": "6ce5f5"
			},
			"healEffect": {
				"type": "WaveEffect",
				"lifetime": 25,
				"sizeFrom": 0,
				"sizeTo": 80,
				"strokeFrom": 6,
				"strokeTo": 0,
				"colorFrom": "6ce5f5ff",
				"colorTo": "6ce5f5"
			},
			"range": 80,
			"amount": 80,
			"reload": 80
		},
		{
			"type": "EnergyFieldAbility",
			"healEffect": {
				"type": "WaveEffect",
				"lifetime": 25,
				"sizeFrom": 0,
				"sizeTo": 30,
				"sides": 6,
				"strokeFrom": 6,
				"strokeTo": 0,
				"colorFrom": "6ce5f5"
				"colorTo": "6ce5f500"
			},
			"color": "6ce5f5ff"
			"maxTargets": 6,
			"healPercent": 0.3,
			"damage": 10,
			"range": 80,
			"sectors": 6,
			"rotateSpeed": 3,
			"hitBuildings": true,
			"sectorRad": 0.09,
			"reload": 60,
		}
		{
			"type": "EnergyFieldAbility",
			"healEffect": none
			"color": "6ce5f5ff"
			"maxTargets": 1,
			"healPercent": 0.6,
			"damage": 2,
			"range": 150,
			"sectors": 6,
			"rotateSpeed": 3,
			"hitBuildings": true,
			"sectorRad": 0.03,
			"reload": 2,
		}
	]
	"outlineColor": 00000000
	"research": {
		"parent": "cargo1"
		"requirements": [
			{
				"item": "graphite",
				"amount": 240
			},
		]
	}
}