{
	"type": "flying",
	"name": "Cargo Antumbra",
	"health": 7200,
	"armor": 9,
	"flying": true,
	"maxVelocity": 2,
	"speed": 0.8,
	"drag": 0.04,
	"rotateSpeed": 1.9,
	"hitSize": 46
	"range": 150,
	"attackLength": 150,
	"shootCone": 150,
	"rotateWeapon": true,
	"targetAir": true,
	"engineOffset": 21,
	"engineSize": 5.3,
	"buildSpeed": 1.25
	"buildBeamOffset": 0
	"abilities": [
		{
			"type": "mindustry.entities.abilities.ForceFieldAbility",
			"radius": 90,
			"rotation": 0,
			"sides": 10,
			"max": 720,
			"regen": 0.75,
			"color": "6ce5f5",
		},
		{
			"type": "mindustry.entities.abilities.RepairFieldAbility",
			"activeEffect": {
				"type": "WaveEffect",
				"lifetime": 25,
				"sizeFrom": 0,
				"sizeTo": 120,
				"strokeFrom": 8,
				"strokeTo": 0,
				"colorFrom": "6ce5f5ff",
				"colorTo": "6ce5f5"
			},
			"healEffect": {
				"type": "WaveEffect",
				"lifetime": 25,
				"sizeFrom": 0,
				"sizeTo": 120,
				"strokeFrom": 8,
				"strokeTo": 0,
				"colorFrom": "6ce5f5ff",
				"colorTo": "6ce5f5"
			},
			"range": 120,
			"amount": 120,
			"reload": 80
		},
		{
			"type": "EnergyFieldAbility",
			"healEffect": {
				"type": "WaveEffect",
				"lifetime": 25,
				"sizeFrom": 0,
				"sizeTo": 30,
				"sides": 10,
				"strokeFrom": 6,
				"strokeTo": 0,
				"colorFrom": "6ce5f5"
				"colorTo": "6ce5f500"
			},
			"color": "6ce5f5ff"
			"maxTargets": 10,
			"healPercent": 0.3,
			"damage": 15,
			"range": 140,
			"sectors": 10,
			"rotateSpeed": 3,
			"hitBuildings": true,
			"sectorRad": 0.03,
			"reload": 30,
		}
		{
			"type": "EnergyFieldAbility",
			"healEffect": none
			"color": "6ce5f5ff"
			"maxTargets": 2,
			"healPercent": 0.8,
			"damage": 4,
			"range": 150,
			"sectors": 10,
			"blinkScl": 80,
			"rotateSpeed": 1.5,
			"hitBuildings": true,
			"sectorRad": 0.03,
			"reload": 2,
		}
	]
	"outlineColor": 00000000
	"research": {
		"parent": "cargo2"
		"requirements": [
			{
				"item": "graphite",
				"amount": 240
			},
		]
	}
}