{
	"type": "flying",
	"name": "Cargo Horizon",
	"health": 320,
	"armor": 3,
	"flying": true,
	"maxVelocity": 2,
	"speed": 1.65,
	"drag": 0.016,
	"hitSize": 10
	"circleTarget" : true,
	"faceTarget": false
	"itemCapacity": 0
	"range": 150,
	"attackLength": 150,
	"shootCone": 150,
	"rotateWeapon": true,
	"targetAir": true,
	"engineOffset": 7,
	"engineSize": 2,
	"buildSpeed": 0.75
	"buildBeamOffset": 0
weapons: [
	{
	shootSound: explosionBig
	shootCone: 90
	reload: 45,
	mirror: false
	rotateSpeed: 36
	bullet: {
			"type": "BasicBulletType",
			"drawsize": 200,
			"collideAir": true
			"damage": 0,
			"width": 16,
			"height": 16,
			"lifetime": 5,
			"smokeEffect": none
			"speed": 1,
			"pierce": false
			"keepVelocity": false
		fragBullets: 3
		fragBullet: {
			"type": "BasicBulletType",
			"drawsize": 200,
			"collideAir": true
			"damage": 20,
			"width": 16,
			"height": 16,
			"lifetime": 5,
			"hitEffect": "flakExplosion"
			"speed": 4,
		}
	}
}
]
	"abilities": [
		{
			"type": "mindustry.entities.abilities.RepairFieldAbility",
			"activeEffect": {
				"type": "WaveEffect",
				"lifetime": 25,
				"sizeFrom": 0,
				"sizeTo": 60,
				"strokeFrom": 6,
				"strokeTo": 0,
				"colorFrom": "6ce5f5ff",
				"colorTo": "6ce5f5"
			},
			"healEffect": {
				"type": "WaveEffect",
				"lifetime": 25,
				"sizeFrom": 0,
				"sizeTo": 60,
				"strokeFrom": 6,
				"strokeTo": 0,
				"colorFrom": "6ce5f5ff",
				"colorTo": "6ce5f5"
			},
			"range": 60,
			"amount": 30,
			"reload": 60
		},
		{
			"type": "EnergyFieldAbility",
			"healEffect": {
				"type": "WaveEffect",
				"lifetime": 25,
				"sizeFrom": 0,
				"sizeTo": 30,
				"sides": 6,
				"strokeFrom": 6,
				"strokeTo": 0,
				"colorFrom": "6ce5f5"
				"colorTo": "6ce5f500"
			},
			"color": "6ce5f5ff"
			"maxTargets": 6,
			"healPercent": 0.3,
			"damage": 8,
			"range": 50,
			"sectors": 6,
			"rotateSpeed": 3,
			"hitBuildings": true,
			"sectorRad": 0.06,
			"reload": 60,
		}
	]
	"outlineColor": 00000000
	"research": {
		"parent": "dagger"
		"requirements": [
			{
				"item": "graphite",
				"amount": 240
			},
		]
	}
}