{
	"type": "CellLiquid",
	"moveThroughBlocks": true,
	"canStayOn": [],
	"incinerable": false,
	"spreadDamage": 180,
	"capPuddles": false,
	"maxSpread": 2000,
	"name": "Liquid Heat",
	"description": "Heat; liquid (ui)",
	"coolant": false,
	"color": "ffcd66",
	"colorFrom": "ffcd66",
	"colorTo": "e28654",
	"gas": false
	"gasColor": "ffcd66"
	"blockReactive": false,
	"viscosity": 0,
	"heatCapacity": 0,
	"explosiveness": 2,
	"temperature": 1,
	"flammability": 2,
	"research": "water",
	"effect": "carbon-vanilla-helios-effect"
}