{
	"type": "CellLiquid",
	"moveThroughBlocks": true,
	"canStayOn": [],
	"incinerable": false,
	"spreadDamage": 8000,
	"capPuddles": false,
	"maxSpread": 20,
	"name": "Pure Heat",
	"description": "Heat; liquid (ui)",
	"coolant": false,
	"color": "e75d48",
	"colorFrom": "fb9957",
	"colorTo": "e75d48",
	"gasColor": "e75d48"
	"blockReactive": false,
	"viscosity": 0.5,
	"heatCapacity": 0,
	"explosiveness": 100,
	"temperature": 100,
	"flammability": 100,
	"research": "liquidheat",
	"effect": "carbon-vanilla-helios-effect"
	"gas": true,
}