{
	"type": "material",
	"name": "Graphitic Core",
	"description": '''
Yet another form of coal. Gosh why is it always coal? Bob you should think hard, I don't know, use sand or something!
Anyways, it's the final form of carbon. Harder, better, faster and stronger. Used as a dense alloy, in armor, some weaponry, infrastructure and production stability.
It is the perfect insulator, It's cristal latice makes it slightly transparent under pressure, and it's sole production would cost a kidney if those were lore-accurate.
''',
	"cost": 4.1,
	"flammability": -1,
	"radioactivity": -1,
	"explosiveness": -1,
	"charge": -1,
	"color": "454565"
}