{
	"type": "naval",
	"name": "Sète",
	"description": "A small Coastal defense platform.",
	"health": 280,
	"armor": 3,
	"flying": false,
	"accel": 0.3,
	"maxVelocity": 4,
	"speed": 0.5,
	"drag": 0.1,
	"mass": 50,
	"rotateSpeed": 2,
	"hitSize": 16
	"range": 160,
	"attackLength": 160,
	"canDrown": false
	"naval": true
	"commandLimit": 1,
	"rotateWeapon": true,
	"targetAir": true,
	"engineOffset": 0,
	"engineSize": 0,
	"abilities": [
		{
			"type": "UnitSpawnAbility",
			"spawnTime": 1200,
			"unit": "seagun1",
			"spawnX": 20,
			"spawnY": 0,
		},
		{
			"type": "UnitSpawnAbility",
			"spawnTime": 1200,
			"unit": "seagun1",
			"spawnX": -20,
			"spawnY": 0,
		},

		{
			"type": "UnitSpawnAbility",
			"spawnTime": 1200,
			"unit": "seagun1",
			"spawnX": 0,
			"spawnY": 20,
		},
		{
			"type": "UnitSpawnAbility",
			"spawnTime": 1200,
			"unit": "seagun1",
			"spawnX": 0,
			"spawnY": -20,
		},

        	{
        	type: mindustry.entities.abilities.RepairFieldAbility
        	healEffect: {
        	type: WaveEffect
        	lifetime: 1
        	sizeFrom: 0
        	sizeTo: 1
        	strokeFrom: 2
        	strokeTo: 0
        	lightColor: ffffff00
        	colorFrom: ffffff00
        	colorTo: ffffff00
        	}
        	range: 0.5
        	amount: 1
        	reload: 60
        	}
	]
	"outlineColor": 00000000
	"research": {
		"parent": "risso"
		"requirements": [
			{
				"item": "silicon",
				"amount": 50
			},
			{
				"item": "metaglass",
				"amount": 50
			},
		]
	}
}