{
	"type": "naval",
	"name": "SeaGun",
	"health": 100,
	"armor": 0,
	"flying": false,
	"accel": 0,
	"maxVelocity": 0
	"speed": 0,
	"drag": 1,
	"mass": 1,
	"rotateSpeed": 0,
	"hitSize": 10
	"range": 160,
	"attackLength": 160,
	"canDrown": false
	"naval": true
	"rotateWeapon": true,
	"targetAir": true,
	"engineOffset": 0,
	"engineSize": 0,
	abilities: [
        	{
        	type: mindustry.entities.abilities.RepairFieldAbility
        	healEffect: {
        	type: WaveEffect
        	lifetime: 1
        	sizeFrom: 0
        	sizeTo: 1
        	strokeFrom: 2
        	strokeTo: 0
        	lightColor: ffffff00
        	colorFrom: ffffff00
        	colorTo: ffffff00
        	}
        	range: 0.5
        	amount: -5
        	reload: 60
        	    }
    	]
	"weapons": [
		{
			"name": "hail",
			"alternate": false,
			"ignoreRotation": true,
			"reload": 20,
			"recoil": 1,
			"inaccuracy": 7,
			"shootSound": "shoot"
			"ejectEffect": "casing1",
			"rotate": true
			"shootCone": 20,
			"shake": 0
			"x": 0
			"y": 0
			"shootY": 0
			"mirror": false
			"shootEffect": "shootSmall"
			"rotateSpeed": 6,
			"bullet": {
				"type": "BasicBulletType",
				"speed": 8,
				"damage": 9,
				"lifetime": 20,
				"width": 6,
				"height": 9,
				"smokeEffect": "shootSmallSmoke"
				"recoil": 0,
			},
		},
	]
	"outlineColor": 00000000
	"research": {
		"parent": "c1-sete"
		"requirements": [
			{
				"item": "copper",
				"amount": 1
			},
		]
	}
}